insert into "group" (id, name, educator) values (1,'Tulipes','Sylvie');
insert into parents (id, parent_1_name, parent_2_name, parent_1_phone, parent_2_phone) values (1,'Jonathan Gauthier','Caroline Gagné','514-582-5926','514-518-2180');
insert into child (id, firstname, lastname, birthdate, image_url, parents, "group") values (1,'William','Gauthier','2013-06-21','null',1,1);
insert into presence (date, state, child, absence_reason, last_modification, author) values ('2018-04-01','P',1,'','2018-04-01','Sylvie');
insert into presence (date, state, child, absence_reason, last_modification, author) values ('2018-04-02','P',1,'','2018-04-02','Sylvie');
insert into presence (date, state, child, absence_reason, last_modification, author) values ('2018-04-03','P',1,'','2018-04-03','Sylvie');
insert into presence (date, state, child, absence_reason, last_modification, author) values ('2018-04-04','P',1,'','2018-04-04','Sylvie');
insert into presence (date, state, child, absence_reason, last_modification, author) values ('2018-04-05','A',1,'Congé','2018-04-05','Sylvie');
insert into presence (date, state, child, absence_reason, last_modification, author) values ('2018-04-06','P',1,'','2018-04-06','Sylvie');
insert into presence (date, state, child, absence_reason, last_modification, author) values ('2018-04-07','P',1,'','2018-04-07','Sylvie');
insert into presence (date, state, child, absence_reason, last_modification, author) values ('2018-04-08','A',1,'Congé','2018-04-08','Sylvie');
insert into presence (date, state, child, absence_reason, last_modification, author) values ('2018-04-09','P',1,'','2018-04-09','Sylvie');
insert into presence (date, state, child, absence_reason, last_modification, author) values ('2018-04-10','P',1,'','2018-04-10','Sylvie');
insert into presence (date, state, child, absence_reason, last_modification, author) values ('2018-04-11','A',1,'Malade','2018-04-11','Sylvie');
insert into presence (date, state, child, absence_reason, last_modification, author) values ('2018-04-12','P',1,'','2018-04-12','Sylvie');
insert into presence (date, state, child, absence_reason, last_modification, author) values ('2018-04-13','P',1,'','2018-04-13','Sylvie');
insert into presence (date, state, child, absence_reason, last_modification, author) values ('2018-04-14','A',1,'Malade','2018-04-14','Sylvie');
insert into presence (date, state, child, absence_reason, last_modification, author) values ('2018-04-15','P',1,'','2018-04-15','Sylvie');
insert into presence (date, state, child, absence_reason, last_modification, author) values ('2018-04-16','P',1,'','2018-04-16','Sylvie');
insert into presence (date, state, child, absence_reason, last_modification, author) values ('2018-04-17','P',1,'','2018-04-17','Sylvie');
insert into presence (date, state, child, absence_reason, last_modification, author) values ('2018-04-18','P',1,'','2018-04-18','Sylvie');
insert into presence (date, state, child, absence_reason, last_modification, author) values ('2018-04-19','P',1,'','2018-04-19','Sylvie');
insert into presence (date, state, child, absence_reason, last_modification, author) values ('2018-04-20','P',1,'','2018-04-20','Sylvie');
insert into presence (date, state, child, absence_reason, last_modification, author) values ('2018-04-21','P',1,'','2018-04-21','Sylvie');
insert into presence (date, state, child, absence_reason, last_modification, author) values ('2018-04-22','P',1,'','2018-04-22','Sylvie');
insert into presence (date, state, child, absence_reason, last_modification, author) values ('2018-04-23','P',1,'','2018-04-23','Sylvie');
insert into presence (date, state, child, absence_reason, last_modification, author) values ('2018-04-24','A',1,'Autre','2018-04-24','Sylvie');
insert into presence (date, state, child, absence_reason, last_modification, author) values ('2018-04-25','A',1,'Congé','2018-04-25','Sylvie');
insert into presence (date, state, child, absence_reason, last_modification, author) values ('2018-04-26','P',1,'','2018-04-26','Sylvie');
insert into presence (date, state, child, absence_reason, last_modification, author) values ('2018-04-27','P',1,'','2018-04-27','Sylvie');
insert into presence (date, state, child, absence_reason, last_modification, author) values ('2018-04-28','A',1,'Malade','2018-04-28','Sylvie');
insert into presence (date, state, child, absence_reason, last_modification, author) values ('2018-04-29','P',1,'','2018-04-29','Sylvie');
insert into presence (date, state, child, absence_reason, last_modification, author) values ('2018-04-30','P',1,'','2018-04-30','Sylvie');
insert into parents (id, parent_1_name, parent_2_name, parent_1_phone, parent_2_phone) values (2,'Simon Lavoie','Vanessa Gauthier','450-613-8580','450-476-378');
insert into child (id, firstname, lastname, birthdate, image_url, parents, "group") values (2,'Chloé','Lavoie','2013-07-25','null',2,1);
insert into presence (date, state, child, absence_reason, last_modification, author) values ('2018-04-01','P',2,'','2018-04-01','Sylvie');
insert into presence (date, state, child, absence_reason, last_modification, author) values ('2018-04-02','A',2,'Autre','2018-04-02','Sylvie');
insert into presence (date, state, child, absence_reason, last_modification, author) values ('2018-04-03','P',2,'','2018-04-03','Sylvie');
insert into presence (date, state, child, absence_reason, last_modification, author) values ('2018-04-04','P',2,'','2018-04-04','Sylvie');
insert into presence (date, state, child, absence_reason, last_modification, author) values ('2018-04-05','P',2,'','2018-04-05','Sylvie');
insert into presence (date, state, child, absence_reason, last_modification, author) values ('2018-04-06','A',2,'Congé','2018-04-06','Sylvie');
insert into presence (date, state, child, absence_reason, last_modification, author) values ('2018-04-07','P',2,'','2018-04-07','Sylvie');
insert into presence (date, state, child, absence_reason, last_modification, author) values ('2018-04-08','P',2,'','2018-04-08','Sylvie');
insert into presence (date, state, child, absence_reason, last_modification, author) values ('2018-04-09','A',2,'Malade','2018-04-09','Sylvie');
insert into presence (date, state, child, absence_reason, last_modification, author) values ('2018-04-10','P',2,'','2018-04-10','Sylvie');
insert into presence (date, state, child, absence_reason, last_modification, author) values ('2018-04-11','A',2,'Malade','2018-04-11','Sylvie');
insert into presence (date, state, child, absence_reason, last_modification, author) values ('2018-04-12','A',2,'Congé','2018-04-12','Sylvie');
insert into presence (date, state, child, absence_reason, last_modification, author) values ('2018-04-13','P',2,'','2018-04-13','Sylvie');
insert into presence (date, state, child, absence_reason, last_modification, author) values ('2018-04-14','P',2,'','2018-04-14','Sylvie');
insert into presence (date, state, child, absence_reason, last_modification, author) values ('2018-04-15','P',2,'','2018-04-15','Sylvie');
insert into presence (date, state, child, absence_reason, last_modification, author) values ('2018-04-16','P',2,'','2018-04-16','Sylvie');
insert into presence (date, state, child, absence_reason, last_modification, author) values ('2018-04-17','P',2,'','2018-04-17','Sylvie');
insert into presence (date, state, child, absence_reason, last_modification, author) values ('2018-04-18','A',2,'Malade','2018-04-18','Sylvie');
insert into presence (date, state, child, absence_reason, last_modification, author) values ('2018-04-19','A',2,'Malade','2018-04-19','Sylvie');
insert into presence (date, state, child, absence_reason, last_modification, author) values ('2018-04-20','P',2,'','2018-04-20','Sylvie');
insert into presence (date, state, child, absence_reason, last_modification, author) values ('2018-04-21','A',2,'Malade','2018-04-21','Sylvie');
insert into presence (date, state, child, absence_reason, last_modification, author) values ('2018-04-22','P',2,'','2018-04-22','Sylvie');
insert into presence (date, state, child, absence_reason, last_modification, author) values ('2018-04-23','P',2,'','2018-04-23','Sylvie');
insert into presence (date, state, child, absence_reason, last_modification, author) values ('2018-04-24','P',2,'','2018-04-24','Sylvie');
insert into presence (date, state, child, absence_reason, last_modification, author) values ('2018-04-25','P',2,'','2018-04-25','Sylvie');
insert into presence (date, state, child, absence_reason, last_modification, author) values ('2018-04-26','P',2,'','2018-04-26','Sylvie');
insert into presence (date, state, child, absence_reason, last_modification, author) values ('2018-04-27','P',2,'','2018-04-27','Sylvie');
insert into presence (date, state, child, absence_reason, last_modification, author) values ('2018-04-28','P',2,'','2018-04-28','Sylvie');
insert into presence (date, state, child, absence_reason, last_modification, author) values ('2018-04-29','P',2,'','2018-04-29','Sylvie');
insert into presence (date, state, child, absence_reason, last_modification, author) values ('2018-04-30','P',2,'','2018-04-30','Sylvie');
insert into parents (id, parent_1_name, parent_2_name, parent_1_phone, parent_2_phone) values (3,'Sébastien Morin','Annie Gagné','514-531-2696','450-643-7419');
insert into child (id, firstname, lastname, birthdate, image_url, parents, "group") values (3,'Juliette','Morin','2013-04-10','null',3,1);
insert into presence (date, state, child, absence_reason, last_modification, author) values ('2018-04-01','P',3,'','2018-04-01','Sylvie');
insert into presence (date, state, child, absence_reason, last_modification, author) values ('2018-04-02','P',3,'','2018-04-02','Sylvie');
insert into presence (date, state, child, absence_reason, last_modification, author) values ('2018-04-03','P',3,'','2018-04-03','Sylvie');
insert into presence (date, state, child, absence_reason, last_modification, author) values ('2018-04-04','P',3,'','2018-04-04','Sylvie');
insert into presence (date, state, child, absence_reason, last_modification, author) values ('2018-04-05','P',3,'','2018-04-05','Sylvie');
insert into presence (date, state, child, absence_reason, last_modification, author) values ('2018-04-06','P',3,'','2018-04-06','Sylvie');
insert into presence (date, state, child, absence_reason, last_modification, author) values ('2018-04-07','P',3,'','2018-04-07','Sylvie');
insert into presence (date, state, child, absence_reason, last_modification, author) values ('2018-04-08','A',3,'Malade','2018-04-08','Sylvie');
insert into presence (date, state, child, absence_reason, last_modification, author) values ('2018-04-09','P',3,'','2018-04-09','Sylvie');
insert into presence (date, state, child, absence_reason, last_modification, author) values ('2018-04-10','P',3,'','2018-04-10','Sylvie');
insert into presence (date, state, child, absence_reason, last_modification, author) values ('2018-04-11','P',3,'','2018-04-11','Sylvie');
insert into presence (date, state, child, absence_reason, last_modification, author) values ('2018-04-12','P',3,'','2018-04-12','Sylvie');
insert into presence (date, state, child, absence_reason, last_modification, author) values ('2018-04-13','A',3,'Autre','2018-04-13','Sylvie');
insert into presence (date, state, child, absence_reason, last_modification, author) values ('2018-04-14','P',3,'','2018-04-14','Sylvie');
insert into presence (date, state, child, absence_reason, last_modification, author) values ('2018-04-15','P',3,'','2018-04-15','Sylvie');
insert into presence (date, state, child, absence_reason, last_modification, author) values ('2018-04-16','A',3,'Autre','2018-04-16','Sylvie');
insert into presence (date, state, child, absence_reason, last_modification, author) values ('2018-04-17','P',3,'','2018-04-17','Sylvie');
insert into presence (date, state, child, absence_reason, last_modification, author) values ('2018-04-18','P',3,'','2018-04-18','Sylvie');
insert into presence (date, state, child, absence_reason, last_modification, author) values ('2018-04-19','P',3,'','2018-04-19','Sylvie');
insert into presence (date, state, child, absence_reason, last_modification, author) values ('2018-04-20','P',3,'','2018-04-20','Sylvie');
insert into presence (date, state, child, absence_reason, last_modification, author) values ('2018-04-21','P',3,'','2018-04-21','Sylvie');
insert into presence (date, state, child, absence_reason, last_modification, author) values ('2018-04-22','P',3,'','2018-04-22','Sylvie');
insert into presence (date, state, child, absence_reason, last_modification, author) values ('2018-04-23','P',3,'','2018-04-23','Sylvie');
insert into presence (date, state, child, absence_reason, last_modification, author) values ('2018-04-24','P',3,'','2018-04-24','Sylvie');
insert into presence (date, state, child, absence_reason, last_modification, author) values ('2018-04-25','P',3,'','2018-04-25','Sylvie');
insert into presence (date, state, child, absence_reason, last_modification, author) values ('2018-04-26','P',3,'','2018-04-26','Sylvie');
insert into presence (date, state, child, absence_reason, last_modification, author) values ('2018-04-27','P',3,'','2018-04-27','Sylvie');
insert into presence (date, state, child, absence_reason, last_modification, author) values ('2018-04-28','P',3,'','2018-04-28','Sylvie');
insert into presence (date, state, child, absence_reason, last_modification, author) values ('2018-04-29','P',3,'','2018-04-29','Sylvie');
insert into presence (date, state, child, absence_reason, last_modification, author) values ('2018-04-30','P',3,'','2018-04-30','Sylvie');
insert into parents (id, parent_1_name, parent_2_name, parent_1_phone, parent_2_phone) values (4,'Michael Gagné','Vanessa Gagné','450-849-1436','514-192-1358');
insert into child (id, firstname, lastname, birthdate, image_url, parents, "group") values (4,'Noah','Gagné','2013-10-09','null',4,1);
insert into presence (date, state, child, absence_reason, last_modification, author) values ('2018-04-01','P',4,'','2018-04-01','Sylvie');
insert into presence (date, state, child, absence_reason, last_modification, author) values ('2018-04-02','P',4,'','2018-04-02','Sylvie');
insert into presence (date, state, child, absence_reason, last_modification, author) values ('2018-04-03','A',4,'Congé','2018-04-03','Sylvie');
insert into presence (date, state, child, absence_reason, last_modification, author) values ('2018-04-04','P',4,'','2018-04-04','Sylvie');
insert into presence (date, state, child, absence_reason, last_modification, author) values ('2018-04-05','P',4,'','2018-04-05','Sylvie');
insert into presence (date, state, child, absence_reason, last_modification, author) values ('2018-04-06','P',4,'','2018-04-06','Sylvie');
insert into presence (date, state, child, absence_reason, last_modification, author) values ('2018-04-07','A',4,'Malade','2018-04-07','Sylvie');
insert into presence (date, state, child, absence_reason, last_modification, author) values ('2018-04-08','P',4,'','2018-04-08','Sylvie');
insert into presence (date, state, child, absence_reason, last_modification, author) values ('2018-04-09','P',4,'','2018-04-09','Sylvie');
insert into presence (date, state, child, absence_reason, last_modification, author) values ('2018-04-10','P',4,'','2018-04-10','Sylvie');
insert into presence (date, state, child, absence_reason, last_modification, author) values ('2018-04-11','P',4,'','2018-04-11','Sylvie');
insert into presence (date, state, child, absence_reason, last_modification, author) values ('2018-04-12','P',4,'','2018-04-12','Sylvie');
insert into presence (date, state, child, absence_reason, last_modification, author) values ('2018-04-13','P',4,'','2018-04-13','Sylvie');
insert into presence (date, state, child, absence_reason, last_modification, author) values ('2018-04-14','A',4,'Autre','2018-04-14','Sylvie');
insert into presence (date, state, child, absence_reason, last_modification, author) values ('2018-04-15','A',4,'Autre','2018-04-15','Sylvie');
insert into presence (date, state, child, absence_reason, last_modification, author) values ('2018-04-16','P',4,'','2018-04-16','Sylvie');
insert into presence (date, state, child, absence_reason, last_modification, author) values ('2018-04-17','P',4,'','2018-04-17','Sylvie');
insert into presence (date, state, child, absence_reason, last_modification, author) values ('2018-04-18','P',4,'','2018-04-18','Sylvie');
insert into presence (date, state, child, absence_reason, last_modification, author) values ('2018-04-19','A',4,'Congé','2018-04-19','Sylvie');
insert into presence (date, state, child, absence_reason, last_modification, author) values ('2018-04-20','P',4,'','2018-04-20','Sylvie');
insert into presence (date, state, child, absence_reason, last_modification, author) values ('2018-04-21','P',4,'','2018-04-21','Sylvie');
insert into presence (date, state, child, absence_reason, last_modification, author) values ('2018-04-22','P',4,'','2018-04-22','Sylvie');
insert into presence (date, state, child, absence_reason, last_modification, author) values ('2018-04-23','P',4,'','2018-04-23','Sylvie');
insert into presence (date, state, child, absence_reason, last_modification, author) values ('2018-04-24','P',4,'','2018-04-24','Sylvie');
insert into presence (date, state, child, absence_reason, last_modification, author) values ('2018-04-25','P',4,'','2018-04-25','Sylvie');
insert into presence (date, state, child, absence_reason, last_modification, author) values ('2018-04-26','P',4,'','2018-04-26','Sylvie');
insert into presence (date, state, child, absence_reason, last_modification, author) values ('2018-04-27','P',4,'','2018-04-27','Sylvie');
insert into presence (date, state, child, absence_reason, last_modification, author) values ('2018-04-28','P',4,'','2018-04-28','Sylvie');
insert into presence (date, state, child, absence_reason, last_modification, author) values ('2018-04-29','A',4,'Malade','2018-04-29','Sylvie');
insert into presence (date, state, child, absence_reason, last_modification, author) values ('2018-04-30','P',4,'','2018-04-30','Sylvie');
insert into parents (id, parent_1_name, parent_2_name, parent_1_phone, parent_2_phone) values (5,'Samuel Gagnon','Annie Lavoie','514-923-7002','450-231-2332');
insert into child (id, firstname, lastname, birthdate, image_url, parents, "group") values (5,'Rosalie','Gagnon','2013-12-26','null',5,1);
insert into presence (date, state, child, absence_reason, last_modification, author) values ('2018-04-01','P',5,'','2018-04-01','Sylvie');
insert into presence (date, state, child, absence_reason, last_modification, author) values ('2018-04-02','P',5,'','2018-04-02','Sylvie');
insert into presence (date, state, child, absence_reason, last_modification, author) values ('2018-04-03','P',5,'','2018-04-03','Sylvie');
insert into presence (date, state, child, absence_reason, last_modification, author) values ('2018-04-04','P',5,'','2018-04-04','Sylvie');
insert into presence (date, state, child, absence_reason, last_modification, author) values ('2018-04-05','P',5,'','2018-04-05','Sylvie');
insert into presence (date, state, child, absence_reason, last_modification, author) values ('2018-04-06','A',5,'Congé','2018-04-06','Sylvie');
insert into presence (date, state, child, absence_reason, last_modification, author) values ('2018-04-07','P',5,'','2018-04-07','Sylvie');
insert into presence (date, state, child, absence_reason, last_modification, author) values ('2018-04-08','P',5,'','2018-04-08','Sylvie');
insert into presence (date, state, child, absence_reason, last_modification, author) values ('2018-04-09','A',5,'Congé','2018-04-09','Sylvie');
insert into presence (date, state, child, absence_reason, last_modification, author) values ('2018-04-10','P',5,'','2018-04-10','Sylvie');
insert into presence (date, state, child, absence_reason, last_modification, author) values ('2018-04-11','A',5,'Congé','2018-04-11','Sylvie');
insert into presence (date, state, child, absence_reason, last_modification, author) values ('2018-04-12','P',5,'','2018-04-12','Sylvie');
insert into presence (date, state, child, absence_reason, last_modification, author) values ('2018-04-13','P',5,'','2018-04-13','Sylvie');
insert into presence (date, state, child, absence_reason, last_modification, author) values ('2018-04-14','P',5,'','2018-04-14','Sylvie');
insert into presence (date, state, child, absence_reason, last_modification, author) values ('2018-04-15','A',5,'Autre','2018-04-15','Sylvie');
insert into presence (date, state, child, absence_reason, last_modification, author) values ('2018-04-16','P',5,'','2018-04-16','Sylvie');
insert into presence (date, state, child, absence_reason, last_modification, author) values ('2018-04-17','P',5,'','2018-04-17','Sylvie');
insert into presence (date, state, child, absence_reason, last_modification, author) values ('2018-04-18','P',5,'','2018-04-18','Sylvie');
insert into presence (date, state, child, absence_reason, last_modification, author) values ('2018-04-19','P',5,'','2018-04-19','Sylvie');
insert into presence (date, state, child, absence_reason, last_modification, author) values ('2018-04-20','P',5,'','2018-04-20','Sylvie');
insert into presence (date, state, child, absence_reason, last_modification, author) values ('2018-04-21','P',5,'','2018-04-21','Sylvie');
insert into presence (date, state, child, absence_reason, last_modification, author) values ('2018-04-22','A',5,'Congé','2018-04-22','Sylvie');
insert into presence (date, state, child, absence_reason, last_modification, author) values ('2018-04-23','P',5,'','2018-04-23','Sylvie');
insert into presence (date, state, child, absence_reason, last_modification, author) values ('2018-04-24','P',5,'','2018-04-24','Sylvie');
insert into presence (date, state, child, absence_reason, last_modification, author) values ('2018-04-25','A',5,'Malade','2018-04-25','Sylvie');
insert into presence (date, state, child, absence_reason, last_modification, author) values ('2018-04-26','P',5,'','2018-04-26','Sylvie');
insert into presence (date, state, child, absence_reason, last_modification, author) values ('2018-04-27','P',5,'','2018-04-27','Sylvie');
insert into presence (date, state, child, absence_reason, last_modification, author) values ('2018-04-28','P',5,'','2018-04-28','Sylvie');
insert into presence (date, state, child, absence_reason, last_modification, author) values ('2018-04-29','P',5,'','2018-04-29','Sylvie');
insert into presence (date, state, child, absence_reason, last_modification, author) values ('2018-04-30','P',5,'','2018-04-30','Sylvie');
insert into parents (id, parent_1_name, parent_2_name, parent_1_phone, parent_2_phone) values (6,'Jonathan Fortin','Nadine Gagnon','514-231-3532','514-930-684');
insert into child (id, firstname, lastname, birthdate, image_url, parents, "group") values (6,'William','Fortin','2013-09-09','null',6,1);
insert into presence (date, state, child, absence_reason, last_modification, author) values ('2018-04-01','P',6,'','2018-04-01','Sylvie');
insert into presence (date, state, child, absence_reason, last_modification, author) values ('2018-04-02','P',6,'','2018-04-02','Sylvie');
insert into presence (date, state, child, absence_reason, last_modification, author) values ('2018-04-03','P',6,'','2018-04-03','Sylvie');
insert into presence (date, state, child, absence_reason, last_modification, author) values ('2018-04-04','A',6,'Malade','2018-04-04','Sylvie');
insert into presence (date, state, child, absence_reason, last_modification, author) values ('2018-04-05','A',6,'Malade','2018-04-05','Sylvie');
insert into presence (date, state, child, absence_reason, last_modification, author) values ('2018-04-06','P',6,'','2018-04-06','Sylvie');
insert into presence (date, state, child, absence_reason, last_modification, author) values ('2018-04-07','A',6,'Malade','2018-04-07','Sylvie');
insert into presence (date, state, child, absence_reason, last_modification, author) values ('2018-04-08','A',6,'Congé','2018-04-08','Sylvie');
insert into presence (date, state, child, absence_reason, last_modification, author) values ('2018-04-09','A',6,'Malade','2018-04-09','Sylvie');
insert into presence (date, state, child, absence_reason, last_modification, author) values ('2018-04-10','P',6,'','2018-04-10','Sylvie');
insert into presence (date, state, child, absence_reason, last_modification, author) values ('2018-04-11','P',6,'','2018-04-11','Sylvie');
insert into presence (date, state, child, absence_reason, last_modification, author) values ('2018-04-12','P',6,'','2018-04-12','Sylvie');
insert into presence (date, state, child, absence_reason, last_modification, author) values ('2018-04-13','P',6,'','2018-04-13','Sylvie');
insert into presence (date, state, child, absence_reason, last_modification, author) values ('2018-04-14','P',6,'','2018-04-14','Sylvie');
insert into presence (date, state, child, absence_reason, last_modification, author) values ('2018-04-15','P',6,'','2018-04-15','Sylvie');
insert into presence (date, state, child, absence_reason, last_modification, author) values ('2018-04-16','P',6,'','2018-04-16','Sylvie');
insert into presence (date, state, child, absence_reason, last_modification, author) values ('2018-04-17','P',6,'','2018-04-17','Sylvie');
insert into presence (date, state, child, absence_reason, last_modification, author) values ('2018-04-18','P',6,'','2018-04-18','Sylvie');
insert into presence (date, state, child, absence_reason, last_modification, author) values ('2018-04-19','P',6,'','2018-04-19','Sylvie');
insert into presence (date, state, child, absence_reason, last_modification, author) values ('2018-04-20','P',6,'','2018-04-20','Sylvie');
insert into presence (date, state, child, absence_reason, last_modification, author) values ('2018-04-21','P',6,'','2018-04-21','Sylvie');
insert into presence (date, state, child, absence_reason, last_modification, author) values ('2018-04-22','A',6,'Malade','2018-04-22','Sylvie');
insert into presence (date, state, child, absence_reason, last_modification, author) values ('2018-04-23','P',6,'','2018-04-23','Sylvie');
insert into presence (date, state, child, absence_reason, last_modification, author) values ('2018-04-24','P',6,'','2018-04-24','Sylvie');
insert into presence (date, state, child, absence_reason, last_modification, author) values ('2018-04-25','P',6,'','2018-04-25','Sylvie');
insert into presence (date, state, child, absence_reason, last_modification, author) values ('2018-04-26','P',6,'','2018-04-26','Sylvie');
insert into presence (date, state, child, absence_reason, last_modification, author) values ('2018-04-27','P',6,'','2018-04-27','Sylvie');
insert into presence (date, state, child, absence_reason, last_modification, author) values ('2018-04-28','P',6,'','2018-04-28','Sylvie');
insert into presence (date, state, child, absence_reason, last_modification, author) values ('2018-04-29','P',6,'','2018-04-29','Sylvie');
insert into presence (date, state, child, absence_reason, last_modification, author) values ('2018-04-30','P',6,'','2018-04-30','Sylvie');
insert into parents (id, parent_1_name, parent_2_name, parent_1_phone, parent_2_phone) values (7,'Jonathan Gagnon','Caroline Morin','450-402-9481','450-854-3297');
insert into child (id, firstname, lastname, birthdate, image_url, parents, "group") values (7,'Olivia','Gagnon','2013-12-10','null',7,1);
insert into presence (date, state, child, absence_reason, last_modification, author) values ('2018-04-01','P',7,'','2018-04-01','Sylvie');
insert into presence (date, state, child, absence_reason, last_modification, author) values ('2018-04-02','P',7,'','2018-04-02','Sylvie');
insert into presence (date, state, child, absence_reason, last_modification, author) values ('2018-04-03','P',7,'','2018-04-03','Sylvie');
insert into presence (date, state, child, absence_reason, last_modification, author) values ('2018-04-04','P',7,'','2018-04-04','Sylvie');
insert into presence (date, state, child, absence_reason, last_modification, author) values ('2018-04-05','P',7,'','2018-04-05','Sylvie');
insert into presence (date, state, child, absence_reason, last_modification, author) values ('2018-04-06','A',7,'Autre','2018-04-06','Sylvie');
insert into presence (date, state, child, absence_reason, last_modification, author) values ('2018-04-07','P',7,'','2018-04-07','Sylvie');
insert into presence (date, state, child, absence_reason, last_modification, author) values ('2018-04-08','P',7,'','2018-04-08','Sylvie');
insert into presence (date, state, child, absence_reason, last_modification, author) values ('2018-04-09','P',7,'','2018-04-09','Sylvie');
insert into presence (date, state, child, absence_reason, last_modification, author) values ('2018-04-10','A',7,'Congé','2018-04-10','Sylvie');
insert into presence (date, state, child, absence_reason, last_modification, author) values ('2018-04-11','A',7,'Malade','2018-04-11','Sylvie');
insert into presence (date, state, child, absence_reason, last_modification, author) values ('2018-04-12','P',7,'','2018-04-12','Sylvie');
insert into presence (date, state, child, absence_reason, last_modification, author) values ('2018-04-13','P',7,'','2018-04-13','Sylvie');
insert into presence (date, state, child, absence_reason, last_modification, author) values ('2018-04-14','P',7,'','2018-04-14','Sylvie');
insert into presence (date, state, child, absence_reason, last_modification, author) values ('2018-04-15','P',7,'','2018-04-15','Sylvie');
insert into presence (date, state, child, absence_reason, last_modification, author) values ('2018-04-16','P',7,'','2018-04-16','Sylvie');
insert into presence (date, state, child, absence_reason, last_modification, author) values ('2018-04-17','P',7,'','2018-04-17','Sylvie');
insert into presence (date, state, child, absence_reason, last_modification, author) values ('2018-04-18','P',7,'','2018-04-18','Sylvie');
insert into presence (date, state, child, absence_reason, last_modification, author) values ('2018-04-19','A',7,'Congé','2018-04-19','Sylvie');
insert into presence (date, state, child, absence_reason, last_modification, author) values ('2018-04-20','P',7,'','2018-04-20','Sylvie');
insert into presence (date, state, child, absence_reason, last_modification, author) values ('2018-04-21','P',7,'','2018-04-21','Sylvie');
insert into presence (date, state, child, absence_reason, last_modification, author) values ('2018-04-22','P',7,'','2018-04-22','Sylvie');
insert into presence (date, state, child, absence_reason, last_modification, author) values ('2018-04-23','P',7,'','2018-04-23','Sylvie');
insert into presence (date, state, child, absence_reason, last_modification, author) values ('2018-04-24','P',7,'','2018-04-24','Sylvie');
insert into presence (date, state, child, absence_reason, last_modification, author) values ('2018-04-25','P',7,'','2018-04-25','Sylvie');
insert into presence (date, state, child, absence_reason, last_modification, author) values ('2018-04-26','P',7,'','2018-04-26','Sylvie');
insert into presence (date, state, child, absence_reason, last_modification, author) values ('2018-04-27','P',7,'','2018-04-27','Sylvie');
insert into presence (date, state, child, absence_reason, last_modification, author) values ('2018-04-28','P',7,'','2018-04-28','Sylvie');
insert into presence (date, state, child, absence_reason, last_modification, author) values ('2018-04-29','P',7,'','2018-04-29','Sylvie');
insert into presence (date, state, child, absence_reason, last_modification, author) values ('2018-04-30','P',7,'','2018-04-30','Sylvie');
